{
    "fallback": "dod:catacombs_end",
    "elements": [
        {
        "weight": 2,
        "element": {
            "element_type": "minecraft:single_pool_element",
            "location": "dod:catacombs/catacomb_stairs",
            "processors": "dod:catacombs",
            "projection": "rigid"
        }
    },
    {
        "weight": 4,
        "element": {
            "element_type": "minecraft:single_pool_element",
            "location": "dod:catacombs/catacomb_fork_hall_main",
            "processors": "dod:catacombs",
            "projection": "rigid"
        }
    },
    {
        "weight": 3,
        "element": {
            "element_type": "minecraft:single_pool_element",
            "location": "dod:catacombs/catacomb_t_hall_main",
            "processors": "dod:catacombs",
            "projection": "rigid"
        }
    },
      {
        "weight": 2,
        "element": {
            "element_type": "minecraft:single_pool_element",
            "location": "dod:catacombs/catacomb_hall_main",
            "processors": "dod:catacombs",
            "projection": "rigid"
        }
    },
    {
        "weight": 2,
        "element": {
            "element_type": "minecraft:single_pool_element",
            "location": "dod:catacombs/catacomb_corner_hall_main",
            "processors": "dod:catacombs",
            "projection": "rigid"
        }
    }
    ]
  }