{
    "fallback": "minecraft:empty",
    "elements": [
    {
        "weight": 2,
        "element": {
            "element_type": "minecraft:single_pool_element",
            "location": "dod:catacombs/catacomb_loot_chest",
            "processors": "dod:catacombs",
            "projection": "rigid"
        }
    },
    {
        "weight": 1,
        "element": {
            "element_type": "minecraft:single_pool_element",
            "location": "dod:catacombs/catacomb_loot_trapped_chest",
            "processors": "dod:catacombs",
            "projection": "rigid"
        }
    },
    {
        "weight": 1,
        "element": {
            "element_type": "minecraft:single_pool_element",
            "location": "dod:catacombs/catacomb_loot_empty",
            "processors": "dod:catacombs",
            "projection": "rigid"
        }
    }
    ]
  }