{
    "fallback": "minecraft:empty",
    "elements": [
      {
        "weight": 3,
        "element": {
            "element_type": "minecraft:single_pool_element",
            "location": "dod:catacombs/catacomb_spawner_zombie",
            "processors": "dod:catacombs",
            "projection": "rigid"
        }
    },
    {
        "weight": 2,
        "element": {
            "element_type": "minecraft:single_pool_element",
            "location": "dod:catacombs/catacomb_spawner_skeleton",
            "processors": "dod:catacombs",
            "projection": "rigid"
        }
    },
    {
        "weight": 3,
        "element": {
            "element_type": "minecraft:single_pool_element",
            "location": "dod:catacombs/catacomb_spawner_spider",
            "processors": "dod:catacombs",
            "projection": "rigid"
        }
    },
    {
        "weight": 3,
        "element": {
            "element_type": "minecraft:single_pool_element",
            "location": "dod:catacombs/catacomb_spawner_slime",
            "processors": "dod:catacombs",
            "projection": "rigid"
        }
    },
    {
        "weight": 1,
        "element": {
            "element_type": "minecraft:single_pool_element",
            "location": "dod:catacombs/catacomb_spawner_creeper",
            "processors": "dod:catacombs",
            "projection": "rigid"
        }
    },
    {
        "weight": 1,
        "element": {
            "element_type": "minecraft:single_pool_element",
            "location": "dod:catacombs/catacomb_spawner_vex",
            "processors": "dod:catacombs",
            "projection": "rigid"
        }
    },
    {
        "weight": 2,
        "element": {
            "element_type": "minecraft:single_pool_element",
            "location": "dod:catacombs/catacomb_spawner_phantom",
            "processors": "dod:catacombs",
            "projection": "rigid"
        }
    },
    {
        "weight": 2,
        "element": {
            "element_type": "minecraft:single_pool_element",
            "location": "dod:catacombs/catacomb_spawner_chest",
            "processors": "dod:catacombs",
            "projection": "rigid"
        }
    }
    ]
  }