{
    "fallback": "minecraft:empty",
    "elements": [
      {
        "weight": 1,
        "element": {
            "element_type": "minecraft:single_pool_element",
            "location": "dod:catacombs/catacomb_end",
            "processors": "dod:catacombs",
            "projection": "rigid"
        }
    },
    {
        "weight": 1,
        "element": {
            "element_type": "minecraft:single_pool_element",
            "location": "dod:catacombs/catacomb_end_main",
            "processors": "dod:catacombs",
            "projection": "rigid"
        }
    },
    {
        "weight": 1,
        "element": {
            "element_type": "minecraft:single_pool_element",
            "location": "dod:catacombs/catacombs_end_main_lower",
            "processors": "dod:catacombs",
            "projection": "rigid"
        }
    },
    {
        "weight": 1,
        "element": {
            "element_type": "minecraft:single_pool_element",
            "location": "dod:catacombs/catacombs_end_main_upper",
            "processors": "dod:catacombs",
            "projection": "rigid"
        }
    },
    {
        "weight": 1,
        "element": {
            "element_type": "minecraft:single_pool_element",
            "location": "dod:catacombs/catacomb_end_room_lower",
            "processors": "dod:catacombs",
            "projection": "rigid"
        }
    },
    {
        "weight": 1,
        "element": {
            "element_type": "minecraft:single_pool_element",
            "location": "dod:catacombs/catacomb_end_room_upper",
            "processors": "dod:catacombs",
            "projection": "rigid"
        }
    }
    ]
  }