{
  "fallback": "minecraft:empty",
  "elements": [
    {
      "weight": 1,
      "element": {
          "element_type": "minecraft:single_pool_element",
          "location": "dod:pale_ruin/pale_ruin1",
          "processors": "minecraft:empty",
          "projection": "rigid"
      }
  },
  {
    "weight": 1,
    "element": {
        "element_type": "minecraft:single_pool_element",
        "location": "dod:pale_ruin/pale_ruin2",
        "processors": "minecraft:empty",
        "projection": "rigid"
    }
  },
  {
    "weight": 1,
    "element": {
        "element_type": "minecraft:single_pool_element",
        "location": "dod:pale_ruin/pale_ruin3",
        "processors": "minecraft:empty",
        "projection": "rigid"
    }
},
{
  "weight": 1,
  "element": {
      "element_type": "minecraft:single_pool_element",
      "location": "dod:pale_ruin/pale_ruin4",
      "processors": "minecraft:empty",
      "projection": "rigid"
  }
}
  ]
}
