{
    "fallback": "minecraft:empty",
    "elements": [
      {
        "weight": 1,
        "element": {
            "element_type": "minecraft:single_pool_element",
            "location": "dod:tower/tower_parkour",
            "processors": "dod:tower_middle",
            "projection": "rigid"
        }
    },
      {
        "weight": 1,
        "element": {
            "element_type": "minecraft:single_pool_element",
            "location": "dod:tower/tower_stairs",
            "processors": "dod:tower_middle",
            "projection": "rigid"
        }
    }
    ]
  }