{
    "fallback": "minecraft:empty",
    "elements": [
      {
        "weight": 2,
        "element": {
            "element_type": "minecraft:single_pool_element",
            "location": "dod:tower/tower_upper_zombie",
            "processors": "dod:tower_upper",
            "projection": "rigid"
        }
    },
    {
      "weight": 2,
      "element": {
          "element_type": "minecraft:single_pool_element",
          "location": "dod:tower/tower_upper_skeleton",
          "processors": "dod:tower_upper",
          "projection": "rigid"
      }
  }
    ]
  }