{
    "fallback": "minecraft:empty",
    "elements": [
    {
      "weight": 2,
      "element": {
          "element_type": "minecraft:single_pool_element",
          "location": "dod:tower/tower_wall_window",
          "processors": "dod:tower_upper",
          "projection": "rigid"
      }
    },
       {
      "weight": 1,
      "element": {
          "element_type": "minecraft:single_pool_element",
          "location": "dod:tower/tower_wall_balcony",
          "processors": "dod:tower_upper",
          "projection": "rigid"
      }
    },
    {
      "weight": 1,
      "element": {
          "element_type": "minecraft:single_pool_element",
          "location": "dod:tower/tower_wall_empty",
          "processors": "dod:tower_upper",
          "projection": "rigid"
      }
    }
    ]
  }