{
    "fallback": "minecraft:empty",
    "elements": [
      {
        "weight": 1,
        "element": {
            "element_type": "minecraft:single_pool_element",
            "location": "dod:tower/tower_middle_zombie",
            "processors": "dod:tower_middle",
            "projection": "rigid"
        }
    },
    {
      "weight": 1,
      "element": {
          "element_type": "minecraft:single_pool_element",
          "location": "dod:tower/tower_middle_skeleton",
          "processors": "dod:tower_middle",
          "projection": "rigid"
      }
  },
      {
        "weight": 1,
        "element": {
            "element_type": "minecraft:single_pool_element",
            "location": "dod:tower/tower_lower_zombie",
            "processors": "dod:tower_bottom",
            "projection": "rigid"
        }
    },
      {
        "weight": 1,
        "element": {
            "element_type": "minecraft:single_pool_element",
            "location": "dod:tower/tower_lower_skeleton",
            "processors": "dod:tower_bottom",
            "projection": "rigid"
        }
    },
      {
        "weight": 2,
        "element": {
            "element_type": "minecraft:single_pool_element",
            "location": "dod:tower/tower_enterance_loot",
            "processors": "dod:tower_bottom",
            "projection": "rigid"
        }
    }
    ]
  }