{
  "type": "minecraft:jigsaw",
  "biomes": "#minecraft:is_overworld",
  "step": "underground_structures",
  "liquid_settings": "ignore_waterlogging",
  "spawn_overrides": {
  },
  "terrain_adaptation": "encapsulate",
  "start_pool": "dod:catacombsstart",
  "size": 20,
  "start_height": {
    "type": "minecraft:uniform",
      "max_inclusive": {
    "absolute": -40
    },
            "min_inclusive": {
         "absolute": -100
        }
          },
  "project_start_to_heightmap": "WORLD_SURFACE_WG",
  "max_distance_from_center": 32,
  "use_expansion_hack": false
}