{
  "type": "minecraft:jigsaw",
  "biomes": "minecraft:badlands",
  "step": "surface_structures",
  "spawn_overrides": {},
  "terrain_adaptation": "none",
  "start_pool": "dod:monolith",
  "size": 3,
    "start_height": {
    "type": "minecraft:uniform",
      "max_inclusive": {
    "absolute": -6
    },
            "min_inclusive": {
         "absolute": -35
        }
          },
  "project_start_to_heightmap": "WORLD_SURFACE_WG",
  "max_distance_from_center": 32,
  "use_expansion_hack": false
}
