{
  "type": "minecraft:jigsaw",
  "biomes": "#minecraft:tower",
  "step": "surface_structures",
  "spawn_overrides": {
    "monster": {
      "bounding_box": "full",
      "spawns": []
    },
    "creature": {
      "bounding_box": "full",
      "spawns": []
    }
  },
  "terrain_adaptation": "beard_thin",
  "start_pool": "dod:tower_start",
  "size": 20,
  "start_height": {
    "absolute": 0
  },
  "project_start_to_heightmap": "WORLD_SURFACE_WG",
  "max_distance_from_center": 32,
  "use_expansion_hack": false
}
