{
  "type": "minecraft:archaeology",
  "pools": [
    {
      "bonus_rolls": 0.0,
      "entries": [
        {
          "type": "minecraft:item",
          "name": "minecraft:archer_pottery_sherd"
        },
        {
          "type": "minecraft:item",
          "name": "minecraft:friend_pottery_sherd"
        },
        {
          "type": "minecraft:item",
          "name": "minecraft:explorer_pottery_sherd"
        },
        {
          "type": "minecraft:item",
          "name": "minecraft:sheaf_pottery_sherd"
        },
        {
          "type": "minecraft:item",
          "name": "minecraft:bone"
        },
        {
          "type": "minecraft:item",
          "name": "minecraft:stick"
        },
        {
          "type": "minecraft:item",
          "name": "minecraft:flint"
        },
        {
          "type": "minecraft:item",
          "name": "minecraft:emerald"
        }
      ],
      "rolls": 1.0
    }
  ],
  "random_sequence": "dod:archaeology/stonehenge"
}