{
    "type": "minecraft:gift",
    "pools": [
      {
        "bonus_rolls": 0.0,
        "entries": [
          {
            "type": "minecraft:alternatives",
            "children": [
              {
                "type": "minecraft:item",
                "conditions": [
                  {
                    "condition": "minecraft:entity_properties",
                    "entity": "this",
                    "predicate": {
                      "components": {
                        "minecraft:chicken/variant": "minecraft:temperate"
                      }
                    }
                  }
                ],
                "name": "minecraft:egg"
              },
              {
                "type": "minecraft:item",
                "conditions": [
                  {
                    "condition": "minecraft:entity_properties",
                    "entity": "this",
                    "predicate": {
                      "components": {
                        "minecraft:chicken/variant": "minecraft:warm"
                      }
                    }
                  }
                ],
                "name": "minecraft:brown_egg"
              },
              {
                "type": "minecraft:item",
                "conditions": [
                  {
                    "condition": "minecraft:entity_properties",
                    "entity": "this",
                    "predicate": {
                      "components": {
                        "minecraft:chicken/variant": "minecraft:cold"
                      }
                    }
                  }
                ],
                "name": "minecraft:blue_egg"
              },
              {
                "type": "minecraft:item",
                "conditions": [
                  {
                    "condition": "minecraft:entity_properties",
                    "entity": "this",
                    "predicate": {
                      "components": {
                        "minecraft:chicken/variant": "dod:mallard_duck"
                      }
                    }
                  }
                ],
                "functions": [
                {
                  "function": "minecraft:set_components",
                  "components": {
                    "minecraft:chicken/variant": "dod:mallard_duck",
                    "minecraft:item_model": "minecraft:duck_egg",
                    "item_name": "Duck Egg"
                }
                }
                ],
                "name": "minecraft:egg"
              },
              {
                "type": "minecraft:item",
                "conditions": [
                  {
                    "condition": "minecraft:entity_properties",
                    "entity": "this",
                    "predicate": {
                      "components": {
                        "minecraft:chicken/variant": "dod:ruddy_duck"
                      }
                    }
                  }
                ],
                "functions": [
                {
                  "function": "minecraft:set_components",
                  "components": {
                    "minecraft:chicken/variant": "dod:ruddy_duck",
                    "minecraft:item_model": "minecraft:white_duck_egg",
                    "item_name": "White Duck Egg"
                }
                }
                ],
                "name": "minecraft:brown_egg"
              },
              {
                "type": "minecraft:item",
                "conditions": [
                  {
                    "condition": "minecraft:entity_properties",
                    "entity": "this",
                    "predicate": {
                      "components": {
                        "minecraft:chicken/variant": "dod:muscovy_duck"
                      }
                    }
                  }
                ],
                "functions": [
                {
                  "function": "minecraft:set_components",
                  "components": {
                    "minecraft:chicken/variant": "dod:muscovy_duck",
                    "minecraft:item_model": "minecraft:lime_duck_egg",
                    "item_name": "Lime Duck Egg"
                }
                }
                ],
                "name": "minecraft:blue_egg"
              }
            ]
          }
        ],
        "rolls": 1.0
      }
    ],
    "random_sequence": "minecraft:gameplay/chicken_lay"
  }