{
    "type": "minecraft:entity",
    "pools": [
      {
        "bonus_rolls": 0.0,
        "entries": [
          {
            "type": "minecraft:item",
            "functions": [
              {
                "add": false,
                "count": {
                  "type": "minecraft:uniform",
                  "max": 2.0,
                  "min": 0.0
                },
                "function": "minecraft:set_count"
              },
              {
                "count": {
                  "type": "minecraft:uniform",
                  "max": 1.0,
                  "min": 0.0
                },
                "enchantment": "minecraft:looting",
                "function": "minecraft:enchanted_count_increase"
              }
            ],
            "name": "minecraft:gunpowder"
          }
        ],
        "rolls": 1.0
      },
      {
        "bonus_rolls": 0.0,
        "conditions": [
          {
            "condition": "minecraft:entity_properties",
            "entity": "attacker",
            "predicate": {
              "type": "#minecraft:skeletons"
            }
          }
        ],
        "entries": [
          {
            "type": "minecraft:tag",
            "expand": true,
            "name": "minecraft:creeper_drop_music_discs"
          }
        ],
        "rolls": 1.0
      },
      {
        "rolls": 1,
         "entries": [
           {
             "type": "minecraft:item",
             "name": "minecraft:creeper_head"
           }
         ],
         "conditions": [
           {
             "condition": "random_chance_with_enchanted_bonus",
             "enchantment": "dod:beheading",
             "enchanted_chance": 0.05,
             "unenchanted_chance": 0
           }
         ]
       }
    ],
    "random_sequence": "minecraft:entities/creeper"
  }