{
  "type": "minecraft:entity",
  "pools": [
    {
      "bonus_rolls": 0.0,
      "entries": [
        {
          "type": "minecraft:item",
          "functions": [
            {
              "add": false,
              "count": {
                "type": "minecraft:uniform",
                "max": 1.0,
                "min": 0.0
              },
              "function": "minecraft:set_count"
            },
            {
              "count": {
                "type": "minecraft:uniform",
                "max": 1.0,
                "min": 0.0
              },
              "enchantment": "minecraft:looting",
              "function": "minecraft:enchanted_count_increase"
            }
          ],
          "name": "minecraft:ender_pearl"
        }
      ],
      "rolls": 1.0
    },
    {
        "rolls": 1,
        "entries": [
          {
            "type": "item",
            "name": "glow_item_frame",
            "functions": [
              {
                "function": "set_components",
                "components": {
                  "item_model": "enderman_head",
                  "item_name": {"translate": "block.dod.enderman_head"},
                  "equippable": {
                    "slot": "head",
                    "equip_on_interact": false
                  },
                  "entity_data": {
                    "id": "glow_item_frame",
                    "Tags": ["enderman_head"],
                    "Silent": true,
                    "Invisible": true
                  }
                }
              }
            ]
          }
        ],
        "conditions": [
           {
             "condition": "random_chance_with_enchanted_bonus",
             "enchantment": "dod:beheading",
             "enchanted_chance": 0.05,
             "unenchanted_chance": 0
           }
         ]
      }
  ],
  "random_sequence": "minecraft:entities/enderman"
}