{
    "type": "minecraft:entity",
    "pools": [
      {
        "rolls": 1,
        "entries": [
          {
            "type": "minecraft:item",
            "name": "minecraft:piglin_head"
          }
        ],
        "conditions": [
          {
            "condition": "random_chance_with_enchanted_bonus",
            "enchantment": "dod:beheading",
            "enchanted_chance": 0.025,
            "unenchanted_chance": 0
          }
        ]
      }
    ],
    "random_sequence": "minecraft:entities/piglin"
  }
