{
    "type": "minecraft:entity",
    "pools": [
      {
        "bonus_rolls": 0.0,
        "conditions": [
          {
            "condition": "minecraft:entity_properties",
            "entity": "this",
            "predicate": {
              "type_specific": {
                "type": "minecraft:raider",
                "is_captain": true
              }
            }
          }
        ],
        "entries": [
          {
            "type": "minecraft:item",
            "functions": [
              {
                "add": false,
                "count": 1.0,
                "function": "minecraft:set_count"
              },
              {
                "amplifier": {
                  "type": "minecraft:uniform",
                  "max": 4.0,
                  "min": 0.0
                },
                "function": "minecraft:set_ominous_bottle_amplifier"
              }
            ],
            "name": "minecraft:ominous_bottle"
          },
          {
            "type": "minecraft:item",
            "functions": [
              {
                "decoration": "minecraft:red_x",
                "function": "minecraft:exploration_map",
                "skip_existing_chunks": false,
                "zoom": 1
              },
              {
                "function": "minecraft:set_name",
                "name": {
                  "translate": "filled_map.buried_treasure"
                },
                "target": "item_name"
              }
            ],
            "name": "minecraft:map"
          }
        ],
        "rolls": 1.0
      }
    ],
    "random_sequence": "minecraft:entities/pillager"
  }