{
  "type": "minecraft:entity",
  "pools": [
          {
        "rolls": 1,
         "entries": [
           {
             "type": "minecraft:item",
             "name": "minecraft:player_head",
             "functions": [
              {
                "function": "fill_player_head",
                "entity": "this"
              },
              {
                "function": "set_components",
                "components": {
                  "minecraft:note_block_sound": "minecraft:block.note_block.imitate.player"
                }
              }
             ]
           }
         ],
         "conditions": [
           {
             "condition": "random_chance_with_enchanted_bonus",
             "enchantment": "dod:beheading",
             "enchanted_chance": 1,
             "unenchanted_chance": 0
           }
         ]
       }
  ]
}
