{
    "type": "minecraft:entity",
    "pools": [
      {
        "bonus_rolls": 0.0,
        "entries": [
          {
            "type": "minecraft:item",
            "functions": [
              {
                "add": false,
                "count": {
                  "type": "minecraft:uniform",
                  "max": 1.0,
                  "min": -1.0
                },
                "function": "minecraft:set_count"
              },
              {
                "count": {
                  "type": "minecraft:uniform",
                  "max": 1.0,
                  "min": 0.0
                },
                "enchantment": "minecraft:looting",
                "function": "minecraft:enchanted_count_increase"
              }
            ],
            "name": "minecraft:coal"
          }
        ],
        "rolls": 1.0
      },
      {
        "bonus_rolls": 0.0,
        "entries": [
          {
            "type": "minecraft:item",
            "functions": [
              {
                "add": false,
                "count": {
                  "type": "minecraft:uniform",
                  "max": 2.0,
                  "min": 0.0
                },
                "function": "minecraft:set_count"
              },
              {
                "count": {
                  "type": "minecraft:uniform",
                  "max": 1.0,
                  "min": 0.0
                },
                "enchantment": "minecraft:looting",
                "function": "minecraft:enchanted_count_increase"
              }
            ],
            "name": "minecraft:bone"
          }
        ],
        "rolls": 1.0
      },
      {
        "bonus_rolls": 0.0,
        "conditions": [
          {
            "condition": "random_chance_with_enchanted_bonus",
            "enchantment": "dod:beheading",
            "enchanted_chance": 0.05,
            "unenchanted_chance": 0
          }
        ],
        "entries": [
          {
            "type": "minecraft:item",
            "name": "minecraft:wither_skeleton_skull"
          }
        ],
        "rolls": 1.0
      }
    ],
    "random_sequence": "minecraft:entities/wither_skeleton"
  }