{
    "processors": [
      {
        "processor_type": "minecraft:rule",
        "rules": [
          {
            "input_predicate": {
              "block": "minecraft:cobblestone",
              "predicate_type": "minecraft:random_block_match",
              "probability": 0.3
            },
            "location_predicate": {
              "predicate_type": "minecraft:always_true"
            },
            "output_state": {
              "Name": "minecraft:mossy_cobblestone"
            }
          },
          {
            "input_predicate": {
              "block": "minecraft:stone_bricks",
              "predicate_type": "minecraft:random_block_match",
              "probability": 0.3
            },
            "location_predicate": {
              "predicate_type": "minecraft:always_true"
            },
            "output_state": {
              "Name": "minecraft:mossy_stone_bricks"
            }
          },{
            "input_predicate": {
              "block": "minecraft:stone_bricks",
              "predicate_type": "minecraft:random_block_match",
              "probability": 0.3
            },
            "location_predicate": {
              "predicate_type": "minecraft:always_true"
            },
            "output_state": {
              "Name": "minecraft:cracked_stone_bricks"
            }
          },
          {
            "input_predicate": {
              "block": "minecraft:candle",
              "predicate_type": "minecraft:random_block_match",
              "probability": 0.2
            },
            "location_predicate": {
              "predicate_type": "minecraft:always_true"
            },
            "output_state": {
              "Name": "candle",
              "Properties": {
                "lit": "true"
              }
            }
          },
          {
            "input_predicate": {
              "block": "minecraft:candle",
              "predicate_type": "minecraft:random_block_match",
              "probability": 0.1
            },
            "location_predicate": {
              "predicate_type": "minecraft:always_true"
            },
            "output_state": {
              "Name": "candle",
              "Properties": {
                "lit": "true",
                "candles": "2"
              }
            }
          },
          {
            "input_predicate": {
              "block": "minecraft:candle",
              "predicate_type": "minecraft:random_block_match",
              "probability": 0.2
            },
            "location_predicate": {
              "predicate_type": "minecraft:always_true"
            },
            "output_state": {
              "Name": "candle",
              "Properties": {
                "candles": "2"
              }
            }
          },
          {
            "input_predicate": {
              "block": "minecraft:candle",
              "predicate_type": "minecraft:random_block_match",
              "probability": 0.3
            },
            "location_predicate": {
              "predicate_type": "minecraft:always_true"
            },
            "output_state": {
              "Name": "candle",
              "Properties": {
                "candles": "3"
              }
            }
          },
          {
            "input_predicate": {
              "block": "minecraft:candle",
              "predicate_type": "minecraft:random_block_match",
              "probability": 0.05
            },
            "location_predicate": {
              "predicate_type": "minecraft:always_true"
            },
            "output_state": {
              "Name": "minecraft:skeleton_skull"
            }
          },
          {
            "input_predicate": {
              "block": "minecraft:cobweb",
              "predicate_type": "minecraft:random_block_match",
              "probability": 0.95
            },
            "location_predicate": {
              "predicate_type": "minecraft:always_true"
            },
            "output_state": {
              "Name": "air"
            }
          }
        ]
      }
    ]
  }