{
    "processors": [
      {
        "processor_type": "minecraft:rule",
        "rules": [
          {
            "input_predicate": {
              "block": "minecraft:dirt_path",
              "predicate_type": "minecraft:random_block_match",
              "probability": 0.3
            },
            "location_predicate": {
              "predicate_type": "minecraft:always_true"
            },
            "output_state": {
              "Name": "minecraft:grass_block"
            }
          }
        ]
      },
      {
        "processor_type": "minecraft:rule",
        "rules": [
          {
            "input_predicate": {
              "block": "minecraft:cobweb",
              "predicate_type": "minecraft:random_block_match",
              "probability": 0.95
            },
            "location_predicate": {
              "predicate_type": "minecraft:always_true"
            },
            "output_state": {
              "Name": "minecraft:air"
            }
          }
        ]
      },
      {
        "processor_type": "minecraft:rule",
        "rules": [
          {
            "input_predicate": {
              "block": "minecraft:stone_bricks",
              "predicate_type": "minecraft:random_block_match",
              "probability": 0.7
            },
            "location_predicate": {
              "predicate_type": "minecraft:always_true"
            },
            "output_state": {
              "Name": "minecraft:mossy_stone_bricks"
            }
          }
        ]
      }
    ]
  }