{
    "processors": [
      {
        "processor_type": "minecraft:rule",
        "rules": [
          {
            "input_predicate": {
              "block": "minecraft:cobblestone",
              "predicate_type": "minecraft:random_block_match",
              "probability": 0.3
            },
            "location_predicate": {
              "predicate_type": "minecraft:always_true"
            },
            "output_state": {
              "Name": "minecraft:mossy_cobblestone"
            }
          },
          {
            "input_predicate": {
              "block": "minecraft:stone_bricks",
              "predicate_type": "minecraft:random_block_match",
              "probability": 0.3
            },
            "location_predicate": {
              "predicate_type": "minecraft:always_true"
            },
            "output_state": {
              "Name": "minecraft:mossy_stone_bricks"
            }
          },{
            "input_predicate": {
              "block": "minecraft:stone_bricks",
              "predicate_type": "minecraft:random_block_match",
              "probability": 0.7
            },
            "location_predicate": {
              "predicate_type": "minecraft:always_true"
            },
            "output_state": {
              "Name": "minecraft:cracked_stone_bricks"
            }
          },
          {
            "input_predicate": {
              "block": "minecraft:deepslate_bricks",
              "predicate_type": "minecraft:random_block_match",
              "probability": 0.7
            },
            "location_predicate": {
              "predicate_type": "minecraft:always_true"
            },
            "output_state": {
              "Name": "minecraft:cracked_deepslate_bricks"
            }
          }
        ]
      }
    ]
  }