{
    "criteria": {
      "use_key": {
        "trigger": "minecraft:player_hurt_entity",
        "conditions": {
          "player": {
          "nbt": "{SelectedItem:{id:\"minecraft:poisonous_potato\", components:{\"minecraft:item_model\":\"minecraft:calavera\"}}}"
          },
          "entity": {
            "type": "minecraft:interaction",
            "nbt": "{Tags:[tequila_liquid]}"
          }
        }
      }
    },
    "rewards": {
      "function": "dod:alcohol/fill_calavera"
    }
  }