{
    "criteria": {
        "target_dummy": {
            "trigger": "using_item",
            "conditions": {
                "item": {
                    "items": "minecraft:baked_potato",
                    "components": {
                        "minecraft:item_model":  "target_dummy"
                    }
                }
            }
        }
    },
    "rewards": {
        "function": "dod:place_target_dummy"
    },
    "requirements": [
    [
      "target_dummy"
    ]
  ]
}