{
    "anvil_cost": 5,
    "description": {
      "translate": "enchantment.dod.explosion"
    },
    "effects": {
      "minecraft:damage": [
        {
          "effect": {
            "type": "minecraft:add",
            "value": {
              "type": "minecraft:linear",
              "base": 2.5,
              "per_level_above_first": 2.5
            }
          }
        }
      ],
      "minecraft:post_attack": [
        {
          "affected": "victim",
          "effect": {
            "type": "minecraft:explode",
            "radius": 1,
            "small_particle": {
              "type": "explosion_emitter"
            },
            "large_particle": {
              "type": "explosion_emitter"
            },
            "block_interaction": "mob",
            "sound": "entity.generic.explode"
          },
          "enchanted": "attacker",
          "requirements": {
            "condition": "minecraft:entity_properties",
          "entity": "direct_attacker",
          "predicate": {
            "flags": {
              "is_flying": false
            },
            "movement": {
              "fall_distance": {
                "min": 10,
                "max": 19
              }
            }
          }
          }
        },
        {
          "affected": "victim",
          "effect": {
            "type": "minecraft:explode",
            "radius": 2,
            "small_particle": {
              "type": "explosion_emitter"
            },
            "large_particle": {
              "type": "explosion_emitter"
            },
            "block_interaction": "mob",
            "sound": "entity.generic.explode"
          },
          "enchanted": "attacker",
          "requirements": {
            "condition": "minecraft:entity_properties",
          "entity": "direct_attacker",
          "predicate": {
            "flags": {
              "is_flying": false
            },
            "movement": {
              "fall_distance": {
                "min": 20,
                "max": 29
              }
            }
          }
          }
        },
        {
          "affected": "victim",
          "effect": {
            "type": "minecraft:explode",
            "radius": 3,
            "small_particle": {
              "type": "explosion_emitter"
            },
            "large_particle": {
              "type": "explosion_emitter"
            },
            "block_interaction": "mob",
            "sound": "entity.generic.explode"
          },
          "enchanted": "attacker",
          "requirements": {
            "condition": "minecraft:entity_properties",
          "entity": "direct_attacker",
          "predicate": {
            "flags": {
              "is_flying": false
            },
            "movement": {
              "fall_distance": {
                "min": 30,
                "max": 39
              }
            }
          }
          }
        },
        {
          "affected": "victim",
          "effect": {
            "type": "minecraft:explode",
            "radius": 4,
            "small_particle": {
              "type": "explosion_emitter"
            },
            "large_particle": {
              "type": "explosion_emitter"
            },
            "block_interaction": "mob",
            "sound": "entity.generic.explode"
          },
          "enchanted": "attacker",
          "requirements": {
            "condition": "minecraft:entity_properties",
          "entity": "direct_attacker",
          "predicate": {
            "flags": {
              "is_flying": false
            },
            "movement": {
              "fall_distance": {
                "min": 40
              }
            }
          }
          }
        }
      ]
    },
    "exclusive_set": "#minecraft:exclusive_set/mace_assist",
    "max_cost": {
      "base": 65,
      "per_level_above_first": 9
    },
    "max_level": 1,
    "min_cost": {
      "base": 15,
      "per_level_above_first": 9
    },
   "slots": [
    "mainhand"
  ],
  "supported_items": "#minecraft:enchantable/mace",
  "weight": 2
  }