{
    "anvil_cost": 2,
    "description": {
      "translate": "enchantment.dod.hiking"
    },
    "effects": {
        "minecraft:attributes": [
          {
            "attribute": "step_height",
            "amount": {
            "type": "minecraft:linear",
            "base": 0.5,
            "per_level_above_first": 0.5
           },
            "id": "dod:hiking",
            "operation": "add_value"
          },
          {
            "attribute": "movement_speed",
            "amount": {
            "type": "minecraft:linear",
            "base": 0.01,
            "per_level_above_first": 0.01
           },
            "id": "dod_hiking",
            "operation": "add_value"
          }
        ]
    },
    "max_cost": {
      "base": 25,
      "per_level_above_first": 8
    },
    "max_level": 3,
    "min_cost": {
      "base": 5,
      "per_level_above_first": 8
    },
    "exclusive_set": "#minecraft:exclusive_set/boots",
    "primary_items": "#minecraft:enchantable/foot_armor",
    "slots": [
      "feet",
      "body"
    ],
    "supported_items": "#minecraft:enchantable/foot_armor",
    "weight": 5
  }