{
    "anvil_cost": 2,
    "description": {
      "translate": "enchantment.dod.parrying"
    },
    "effects": {
    },
    "max_cost": {
      "base": 25,
      "per_level_above_first": 8
    },
    "max_level": 1,
    "min_cost": {
      "base": 1,
      "per_level_above_first": 1
    },
    "exclusive_set": "#minecraft:exclusive_set/damage_assist",
    "primary_items": "#minecraft:enchantable/sword",
    "slots": [
      "mainhand"
    ],
    "supported_items": "#minecraft:enchantable/sharp_weapon",
    "weight": 5
  }