{
    "anvil_cost": 2,
    "description": {
      "translate": "enchantment.dod.speed_slash"
    },
    "effects": {
        "minecraft:attributes": [
          {
            "attribute": "attack_speed",
            "amount": {
            "type": "minecraft:linear",
            "base": 1,
            "per_level_above_first": 0.5
           },
            "id": "dod:speed_slash",
            "operation": "add_value"
          }
        ]
    },
    "max_cost": {
      "base": 25,
      "per_level_above_first": 8
    },
    "max_level": 3,
    "min_cost": {
      "base": 5,
      "per_level_above_first": 8
    },
    "exclusive_set": "#minecraft:exclusive_set/damage_assist",
    "primary_items": "#minecraft:enchantable/sword",
    "slots": [
      "mainhand"
    ],
    "supported_items": "#minecraft:enchantable/sharp_weapon",
    "weight": 5
  }