{
  "anvil_cost": 2,
  "description": {
    "translate": "enchantment.dod.stunning"
  },
  "effects": {
    "minecraft:post_attack": [
      {
        "affected": "victim",
        "effect": {
          "type": "run_function",
          "function": "dod:stun"
        },
        "enchanted": "attacker"
      }
    ]
  },
  "exclusive_set": "#minecraft:exclusive_set/damage_assist",
  "max_cost": {
    "base": 25,
    "per_level_above_first": 8
  },
  "max_level": 1,
  "min_cost": {
    "base": 5,
    "per_level_above_first": 8
  },
  "primary_items": "#minecraft:enchantable/sword",
  "slots": [
    "mainhand"
  ],
  "supported_items": "#minecraft:enchantable/weapon",
  "weight": 5
}