{
  "type": "minecraft:crafting_shaped",
  "category": "misc",
  "pattern": [
    "m m",
    " m "
  ],
  "key": {
    "m": "mud_bricks"
  },
  "result": {
    "id": "minecraft:poisonous_potato",
      "components": {
        "minecraft:item_model": "minecraft:anfora",
        "minecraft:item_name" : {
          "translate": "item.dod.anfora"
        },
        "max_stack_size": 64,
        "!minecraft:consumable": {
        },
        "!minecraft:food": {
        }
      },
      "count": 3
  },
  "show_notification": true
}
