{
    "type": "minecraft:crafting_shaped",
    "category": "equipment",
    "pattern": [
      "cgc",
      "g g"
    ],
    "key": {
      "g": "minecraft:turtle_scute",
      "c": "copper_ingot"
    },
    "result": {
      "id": "minecraft:chainmail_helmet",
      "components": {
        "minecraft:item_model": "archer_helmet",
        "minecraft:item_name" : {
          "translate": "item.dod.archer_helmet"
        },
        "rarity": "common",
        "minecraft:equippable": {
          "slot": "head",
          "asset_id": "archer",
          "dispensable": true,
          "swappable": true
        },
        "custom_data": {
          "effects":"archer"
        }
      }
    },
    "show_notification": true
  }
  