{
    "type": "minecraft:crafting_shaped",
    "category": "equipment",
    "pattern": [
      "aaa",
      "a a"
    ],
    "key": {
      "a": "minecraft:armadillo_scute"
    },
    "result": {
      "id": "minecraft:chainmail_helmet",
      "components": {
        "minecraft:item_model": "armadillo_helmet",
        "minecraft:item_name" : {
          "translate": "item.dod.armadillo_helmet"
        },
        "rarity": "common",
        "minecraft:equippable": {
          "slot": "head",
          "asset_id": "armadillo_helmet",
          "dispensable": true,
          "swappable": true
        }
      }
    },
    "show_notification": true
  }
  