{
    "type": "minecraft:crafting_shaped",
    "category": "equipment",
    "pattern": [
      "  s",
      "ds ",
      "s  "
    ],
    "key": {
      "s": "minecraft:stick",
      "d": "diamond"
    },
    "result": {
      "id": "minecraft:iron_sword",
      "components": {
        "minecraft:item_model": "battlestaff",
        "minecraft:item_name" : {
          "translate": "item.dod.battlestaff"
        },
        "minecraft:attribute_modifiers": [{"type":"attack_damage", "amount": 6.0, "operation":"add_value", "id":"dod:scythe_damage", "slot": "mainhand"}, {"type":"attack_speed", "amount": -1, "operation":"add_value", "id":"dod:scythe_speed", "slot": "mainhand"}, {"type":"sweeping_damage_ratio", "amount": 100.0, "operation":"add_value", "id":"dod:scythe_sweep", "slot": "mainhand"}, {"type":"entity_interaction_range", "amount": 2.0, "operation":"add_value", "id":"dod:scythe_reach", "slot": "mainhand"}],
        "blocks_attacks": {
          "disable_cooldown_scale": 0,
          "damage_reductions": [
            {
              "type": "arrow",
              "base": 0,
              "factor": 0.5
            },
            {
              "type": "mob_attack",
              "base": 0,
              "factor": 0.25
            }
          ],
          "block_sound": "minecraft:entity.player.small_fall"
        },
        "!enchantable": {}
      }
    },
    "show_notification": true
  }