{
  "type": "minecraft:crafting_shaped",
  "category": "misc",
  "pattern": [
    "sls",
    "bsb"
  ],
  "key": {
    "b": "light_blue_dye",
    "l": "lime_dye",
    "s": "sugar"
  },
  "result": {
    "id": "minecraft:poisonous_potato",
      "components": {
        "minecraft:item_model": "minecraft:calavera",
        "minecraft:item_name" : {
          "translate": "item.dod.calavera"
        },
        "max_stack_size": 64,
        "!minecraft:consumable": {
        },
        "!minecraft:food": {
        }
      },
      "count": 3
  },
  "show_notification": true
}
