{
  "type": "minecraft:crafting_shaped",
  "category": "equipment",
  "pattern": [
    "n",
    "i",
    "s"
  ],
  "key": {
    "n": "minecraft:iron_nugget",
    "i": "minecraft:iron_ingot",
    "s": "minecraft:stick"
  },
  "result": {
    "id": "minecraft:stone_sword",
    "components": {
      "minecraft:item_model": "dagger",
      "minecraft:item_name" : {
        "translate": "item.dod.dagger"
      },
      "minecraft:max_damage": 250,
      "minecraft:attribute_modifiers": [{"type":"attack_damage", "amount": 5.0, "operation":"add_value", "id":"dod:dagger_damage"}, {"type":"attack_speed", "amount": 200, "operation":"add_value", "id":"dod:dagger_speed"}]
    }
  },
  "show_notification": true
  }