{
  "type": "minecraft:crafting_shaped",
  "category": "misc",
  "pattern": [
    "sls",
    "lll"
  ],
  "key": {
    "l": "leather",
    "s": "string"
  },
  "result": {
    "id": "minecraft:poisonous_potato",
      "components": {
        "minecraft:item_model": "minecraft:flask",
        "minecraft:item_name" : {
          "translate": "item.dod.flask"
        },
        "max_stack_size": 64,
        "!minecraft:consumable": {
        },
        "!minecraft:food": {
        }
      },
      "count": 3
  },
  "show_notification": true
}
