{
  "type": "minecraft:crafting_shaped",
  "category": "misc",
  "pattern": [
    "g g",
    "g g",
    " g "
  ],
  "key": {
    "g": "tinted_glass"
  },
  "result": {
    "id": "minecraft:poisonous_potato",
      "components": {
        "minecraft:item_model": "minecraft:glass_jug",
        "minecraft:item_name" : {
          "translate": "item.dod.glass_jug"
        },
        "max_stack_size": 64,
        "!minecraft:consumable": {
        },
        "!minecraft:food": {
        }
      },
      "count": 3
  },
  "show_notification": true
}
