{
  "type": "minecraft:crafting_shaped",
  "category": "misc",
  "pattern": [
    "iii",
    " n "
  ],
  "key": {
    "i": "iron_ingot",
    "n": "iron_nugget"
  },
  "result": {
    "id": "minecraft:poisonous_potato",
      "components": {
        "minecraft:item_model": "minecraft:goblet",
        "minecraft:item_name" : {
          "translate": "item.dod.goblet"
        },
        "max_stack_size": 64,
        "!minecraft:consumable": {
        },
        "!minecraft:food": {
        }
      },
      "count": 3
  },
  "show_notification": true
}
