{
  "type": "minecraft:crafting_shaped",
  "category": "equipment",
  "pattern": [
    "f",
    "s"
  ],
  "key": {
    "f": "minecraft:flint",
    "s": "minecraft:stick"
  },
  "result": {
    "id": "minecraft:wooden_axe",
    "components": {
      "minecraft:item_model": "knife",
      "minecraft:item_name" : {
        "translate": "item.dod.knife"
      },
      "minecraft:max_damage": 100,
      "minecraft:attribute_modifiers": [{"type":"attack_damage", "amount": 4.0, "operation":"add_value", "id":"dod:knife_damage"}, {"type":"attack_speed", "amount": 10, "operation":"add_value", "id":"dod:knife_speed"}]
    }
  },
  "show_notification": true
}