{
  "type": "minecraft:crafting_shaped",
  "category": "equipment",
  "pattern": [
    " ff",
    " f ",
    "s  "
  ],
  "key": {
    "f": "minecraft:flint",
    "s": "minecraft:stick"
  },
  "result": {
    "id": "minecraft:iron_sword",
    "components": {
      "minecraft:item_model": "machete",
      "minecraft:item_name" : {
        "translate": "item.dod.machete"
      },
      "minecraft:max_damage": 150,
      "minecraft:attribute_modifiers": [{"type":"attack_damage", "amount": 6.0, "operation":"add_value", "id":"dod:machete_damage"}, {"type":"attack_speed", "amount": -3.5, "operation":"add_value", "id":"dod:machete_speed", "slot": "mainhand"}],
      "tool": {
        "can_destroy_blocks_in_creative": true,
        "default_mining_speed": 2,
        "damage_per_block": 2,
        "rules": [
          {
            "blocks": "#minecraft:leaves",
            "correct_for_drops": true,
            "speed": 2
          },
          {
            "blocks": "minecraft:vine",
            "correct_for_drops": true,
            "speed": 2
          }
        ]
      }
    }
  },
  "show_notification": true
}