{
    "type": "minecraft:crafting_shaped",
    "category": "equipment",
    "pattern": [
      "lll",
      "l l",
      "r r"
    ],
    "key": {
      "l": "leather",
      "r": "rabbit_hide"
    },
    "result": {
      "id": "minecraft:chainmail_leggings",
      "components": {
        "minecraft:item_model": "monk_leggings",
        "minecraft:item_name" : {
          "translate": "item.dod.monk_leggings"
        },
        "attribute_modifiers": [{"type": "armor", "operation": "add_value", "amount": 3, "slot": "legs", "id": "dod:monk_leggings"}],
        "rarity": "common",
        "minecraft:equippable": {
          "slot": "legs",
          "asset_id": "monk",
          "dispensable": true,
          "swappable": true
        },
        "custom_data": {
          "effects":"monk"
        }
      }
    },
    "show_notification": true
  }
  