{
    "type": "minecraft:crafting_shaped",
    "category": "equipment",
    "pattern": [
      "l l",
      " d "
    ],
    "key": {
      "d": "diamond",
      "l": "leather"
    },
    "result": {
      "id": "minecraft:chainmail_helmet",
      "components": {
        "minecraft:item_model": "monk_beads",
        "minecraft:item_name" : {
          "translate": "item.dod.monk_beads"
        },
        "attribute_modifiers": [{"type": "armor", "operation": "add_value", "amount": 0, "slot": "head", "id": "dod:monk_beads"}],
        "rarity": "common",
        "minecraft:equippable": {
          "slot": "head",
          "dispensable": true,
          "swappable": true,
          "equip_on_interact": true
        },
        "custom_data": {
          "effects":"monk"
        }
      }
    },
    "show_notification": true
  }