{
    "type": "minecraft:crafting_shaped",
    "category": "equipment",
    "pattern": [
      " rr",
      " rr",
      "rr "
    ],
    "key": {
      "r": "rabbit_hide"
    },
    "result": {
      "id": "minecraft:chainmail_chestplate",
      "components": {
        "minecraft:item_model": "monk_chestplate",
        "minecraft:item_name" : {
          "translate": "item.dod.monk_chestplate"
        },
        "attribute_modifiers": [{"type": "armor", "operation": "add_value", "amount": 4, "slot": "chest", "id": "dod:monk_chestplate"}],
        "rarity": "common",
        "minecraft:equippable": {
          "slot": "chest",
          "asset_id": "monk",
          "dispensable": true,
          "swappable": true
        },
        "custom_data": {
          "effects":"monk"
        }
      }
    },
    "show_notification": true
  }
  