{
    "type": "minecraft:crafting_shaped",
    "category": "equipment",
    "pattern": [
      "r r"
    ],
    "key": {
      "r": "rabbit_hide"
    },
    "result": {
      "id": "minecraft:chainmail_boots",
      "components": {
        "minecraft:item_model": "monk_boots",
        "minecraft:item_name" : {
          "translate": "item.dod.monk_boots"
        },
        "attribute_modifiers": [{"type": "armor", "operation": "add_value", "amount": 1, "slot": "feet", "id": "dod:monk_boots"}],
        "rarity": "common",
        "minecraft:equippable": {
          "slot": "feet",
          "asset_id": "monk",
          "dispensable": true,
          "swappable": true
        },
        "custom_data": {
          "effects":"monk"
        }
      }
    },
    "show_notification": true
  }
  