{
    "type": "minecraft:crafting_shaped",
    "category": "equipment",
    "pattern": [
      "mmr",
      "mnm",
      "rmm"
    ],
    "key": {
      "m": "minecraft:phantom_membrane",
      "r": "minecraft:red_wool",
      "n": "minecraft:iron_nugget"
    },
    "result": {
      "id": "minecraft:chainmail_chestplate",
      "components": {
        "minecraft:item_model": "rogue_chestplate",
        "minecraft:item_name" : {
          "translate": "item.dod.rogue_chestplate"
        },
        "attribute_modifiers": [{"type": "armor", "operation": "add_value", "amount": 5, "slot": "chest", "id": "dod:rogue_chesplate"}],
        "rarity": "common",
        "minecraft:equippable": {
          "slot": "chest",
          "asset_id": "rogue",
          "dispensable": true,
          "swappable": true
        },
        "custom_data": {
          "effects":"rogue"
        }
      }
    },
    "show_notification": true
  }
  