{
    "type": "minecraft:crafting_shaped",
    "category": "equipment",
    "pattern": [
      "m m",
      "r r",
      "n n"
    ],
    "key": {
      "m": "minecraft:phantom_membrane",
      "r": "minecraft:red_wool",
      "n": "minecraft:iron_nugget"
    },
    "result": {
      "id": "minecraft:chainmail_boots",
      "components": {
        "minecraft:item_model": "rogue_boots",
        "minecraft:item_name" : {
          "translate": "item.dod.rogue_boots"
        },
        "attribute_modifiers": [{"type": "armor", "operation": "add_value", "amount": 3, "slot": "feet", "id": "dod:rogue_boots"}],
        "rarity": "common",
        "minecraft:equippable": {
          "slot": "feet",
          "asset_id": "rogue",
          "dispensable": true,
          "swappable": true
        },
        "custom_data": {
          "effects":"rogue"
        }
      }
    },
    "show_notification": true
  }
  