{
    "type": "minecraft:crafting_shaped",
    "category": "equipment",
    "pattern": [
      "mmm",
      "mrm"
    ],
    "key": {
      "m": "minecraft:phantom_membrane",
      "r": "minecraft:red_wool"
    },
    "result": {
      "id": "minecraft:chainmail_helmet",
      "components": {
        "minecraft:item_model": "rogue_helmet",
        "minecraft:item_name" : {
          "translate": "item.dod.rogue_helmet"
        },
        "attribute_modifiers": [{"type": "armor", "operation": "add_value", "amount": 2, "slot": "head", "id": "dod:rogue_helmet"}],
        "rarity": "common",
        "minecraft:equippable": {
          "slot": "head",
          "asset_id": "rogue",
          "dispensable": true,
          "swappable": true,
          "camera_overlay": "misc/rogueblur"
        },
        "custom_data": {
          "effects":"rogue"
        }
      }
    },
    "show_notification": true
  }
  