{
    "type": "minecraft:crafting_shaped",
    "category": "equipment",
    "pattern": [
      "mmm",
      "m m"
    ],
    "key": {
      "m": "minecraft:phantom_membrane"
    },
    "result": {
      "id": "minecraft:chainmail_leggings",
      "components": {
        "minecraft:item_model": "rogue_leggings",
        "minecraft:item_name" : {
          "translate": "item.dod.rogue_leggings"
        },
        "attribute_modifiers": [{"type": "armor", "operation": "add_value", "amount": 4, "slot": "legs", "id": "dod:rogue_leggings"}],
        "rarity": "common",
        "minecraft:equippable": {
          "slot": "legs",
          "asset_id": "rogue",
          "dispensable": true,
          "swappable": true
        },
        "custom_data": {
          "effects":"rogue"
        }
      }
    },
    "show_notification": true
  }
  