{
  "type": "minecraft:crafting_shaped",
  "category": "equipment",
  "pattern": [
    " s ",
    "ct ",
    " s "
  ],
  "key": {
    "c": "copper_ingot",
    "s": "minecraft:stick",
    "t": "minecraft:string"
  },
  "result": {
    "id": "minecraft:bow",
    "components": {
      "minecraft:item_model": "shortbow",
      "minecraft:item_name" : {
        "translate": "item.dod.shortbow"
      },
      "minecraft:attribute_modifiers": [{"type":"movement_speed", "amount": 0.03, "operation":"add_value", "id":"dod:shortbow_speed", "slot": "mainhand"}]
    }
  },
  "show_notification": true
}