{
    "type": "minecraft:crafting_shaped",
    "category": "equipment",
    "pattern": [
      " l ",
      "shs",
      " s "
    ],
    "key": {
      "l": "#dod:stripped_logs",
      "h": "minecraft:hay_block",
      "s": "minecraft:stick"
    },
    "result": {
      "id": "minecraft:baked_potato",
      "components": {
        "minecraft:item_model":  "target_dummy",
        "minecraft:item_name" : {
          "translate": "item.dod.target_dummy"
        },
        "minecraft:consumable": {
          "animation": "none",
          "consume_seconds": 100000000,
          "has_consume_particles": false,
          "sound": "minecraft:block.wood.place"
        }
      }
    },
    "show_notification": true
  }
  