{
    "type": "minecraft:crafting_shaped",
    "category": "equipment",
    "pattern": [
      "ssg",
      "spp",
      "gp "
    ],
    "key": {
      "g": "gold_nugget",
      "s": "echo_shard",
      "p": "paper"
    },
    "result": {
      "id": "minecraft:enchanted_book",
      "components": {
        "minecraft:item_model": "barrier_tome",
        "minecraft:item_name" : {
          "translate": "item.dod.tome"
        },
        "attribute_modifiers": [{"type": "entity_interaction_range", "amount": 128, "operation": "add_value", "slot": "mainhand", "id": "dod:tome_interation"}, {"type": "attack_knockback", "amount": -100, "operation": "add_value", "id": "dod:tome_knockback", "slot": "mainhand"}],
        "minecraft:tooltip_display": {"hidden_components": ["attribute_modifiers"]},
        "custom_data": {
          "effects":"wizard"
        },
        "consumable": {
          "animation": "none",
          "consume_seconds": 100000000,
          "has_consume_particles": false,
          "sound": "item.book.page_turn"
        }
      }
    },
    "show_notification": true
  }