{
    "type": "minecraft:crafting_shaped",
    "category": "equipment",
    "pattern": [
      "t  ",
      "ttt",
      "t t"
    ],
    "key": {
      "t": "minecraft:turtle_scute"
    },
    "result": {
      "id": "minecraft:wolf_armor",
      "components": {
        "minecraft:item_model": "turtle_wolf_armour",
        "minecraft:item_name" : {
          "translate": "item.dod.turtle_wolf_armour"
        },
        "attribute_modifiers": [{"type": "oxygen_bonus", "amount": 0.7, "operation": "add_value", "id": "dod:turtle_wolf_armour_breath", "slot": "body"}],
        "minecraft:equippable": {
          "slot": "body",
          "asset_id": "turtle_wolf",
          "dispensable": true,
          "swappable": true
        }
      }
    },
    "show_notification": true
  }
  