{
    "type": "minecraft:smelting",
    "ingredient": "minecraft:milk_bucket",
    "result": {
      "id": "minecraft:milk_bucket",
      "components": {
        "minecraft:item_model": "minecraft:warm_milk_bucket",
        "minecraft:item_name" : {
          "translate": "item.dod.warm_milk_bucket"
        },
        "minecraft:consumable": {
          "sound": "minecraft:entity.generic.drink",
          "has_consume_particles": false,
          "on_consume_effects": [
            {
              "type": "remove_effects",
              "effects": ["bad_omen", "blindness", "darkness", "hunger", "infested", "instant_damage", "levitation", "mining_fatigue", "nausea", "oozing", "poison", "raid_omen", "slowness", "trial_omen", "unluck", "weakness", "weaving", "wind_charged", "wither"]
            }
          ]
        }
      }
    }
  }