{
    "type": "minecraft:crafting_shaped",
    "category": "equipment",
    "pattern": [
      "gwg",
      "www",
      "s s"
    ],
    "key": {
       "w": "cyan_wool",
      "s": "echo_shard",
      "g": "gold_nugget"
    },
    "result": {
      "id": "minecraft:chainmail_leggings",
      "components": {
        "minecraft:item_model": "wizard_leggings",
        "minecraft:item_name" : {
          "translate": "item.dod.wizard_leggings"
        },
        "attribute_modifiers": [{"type": "armor", "operation": "add_value", "amount": 2, "slot": "legs", "id": "dod:wizard_leggings"}],
        "rarity": "common",
        "minecraft:equippable": {
          "slot": "legs",
          "asset_id": "wizard",
          "dispensable": true,
          "swappable": true
        },
        "custom_data": {
          "effects":"wizard"
        }
      }
    },
    "show_notification": true
  }
  