{
    "type": "minecraft:crafting_shaped",
    "category": "equipment",
    "pattern": [
      "s s",
      "w w",
      "g g"
    ],
    "key": {
      "w": "cyan_wool",
      "s": "echo_shard",
      "g": "gold_nugget"
    },
    "result": {
      "id": "minecraft:chainmail_boots",
      "components": {
        "minecraft:item_model": "wizard_boots",
        "minecraft:item_name" : {
          "translate": "item.dod.wizard_boots"
        },
        "attribute_modifiers": [{"type": "armor", "operation": "add_value", "amount": 2, "slot": "feet", "id": "dod:wizard_boots"}],
        "rarity": "common",
        "minecraft:equippable": {
          "slot": "feet",
          "asset_id": "wizard",
          "dispensable": true,
          "swappable": true
        },
        "custom_data": {
          "effects":"wizard"
        }
      }
    },
    "show_notification": true
  }
  