{
    "type": "minecraft:crafting_shaped",
    "category": "equipment",
    "pattern": [
      "g g",
      "wsw",
      "www"
    ],
    "key": {
      "w": "cyan_wool",
      "s": "echo_shard",
      "g": "gold_nugget"
    },
    "result": {
      "id": "minecraft:chainmail_chestplate",
      "components": {
        "minecraft:item_model": "wizard_chestplate",
        "minecraft:item_name" : {
          "translate": "item.dod.wizard_chestplate"
        },
        "attribute_modifiers": [{"type": "armor", "operation": "add_value", "amount": 4, "slot": "chest", "id": "dod:wizard_chestplate"}],
        "rarity": "common",
        "minecraft:equippable": {
          "slot": "chest",
          "asset_id": "wizard",
          "dispensable": true,
          "swappable": true
        },
        "custom_data": {
          "effects":"wizard"
        }
      }
    },
    "show_notification": true
  }
  