{
    "type": "minecraft:crafting_shaped",
    "category": "equipment",
    "pattern": [
      " w ",
      "wsw",
      "gwg"
    ],
    "key": {
      "w": "cyan_wool",
      "s": "echo_shard",
      "g": "gold_nugget"
    },
    "result": {
      "id": "minecraft:chainmail_helmet",
      "components": {
        "minecraft:item_model": "wizard_hat",
        "minecraft:item_name" : {
          "translate": "item.dod.wizard_hat"
        },
        "attribute_modifiers": [{"type": "armor", "operation": "add_value", "amount": 1, "slot": "head", "id": "dod:wizard_hat"}],
        "rarity": "common",
        "minecraft:equippable": {
          "slot": "head",
          "dispensable": true,
          "swappable": true
        },
        "custom_data": {
          "effects":"wizard"
        }
      }
    },
    "show_notification": true
  }
  