{
  "type": "minecraft:crafting_shaped",
  "category": "misc",
  "pattern": [
    "lls",
    "wws",
    "lls"
  ],
  "key": {
    "l":"#wooden_slabs",
    "w":"#planks",
    "s":"stick"
  },
  "result": {
    "id": "minecraft:poisonous_potato",
      "components": {
        "minecraft:item_model": "minecraft:wooden_mug",
        "minecraft:item_name" : {
          "translate": "item.dod.wooden_mug"
        },
        "max_stack_size": 64,
        "!minecraft:consumable": {
        },
        "!minecraft:food": {
        }
      },
      "count": 3
  },
  "show_notification": true
}
