{
  "type": "minecraft:chest",
  "pools": [
    {
      "rolls": 1,
      "bonus_rolls": 0,
      "entries": [
        {
          "type": "minecraft:item",
          "name": "minecraft:music_disc_wait",
          "weight": 15
        },
        {
          "type": "minecraft:item",
          "name": "minecraft:music_disc_chirp",
          "weight": 15
        },
        {
          "type": "minecraft:item",
          "name": "minecraft:music_disc_far",
          "weight": 15
        },
        {
          "type": "minecraft:item",
          "name": "minecraft:music_disc_cat",
          "weight": 15,
          "functions": [
            {
              "function": "minecraft:set_components",
              "components": {
                "minecraft:item_model": "retro"
              }
            },
            {
              "function": "minecraft:set_components",
              "components": {
                "minecraft:jukebox_playable": "dod:retro"
              }
            }
          ]
        },
        {
                    "type":"minecraft:item",
                    "name":"minecraft:recovery_compass",
                    "weight": 15,
                    "functions": [
                        {
                            "function": "minecraft:set_components",
                            "components": {
                                "minecraft:item_model": "raider",
                                "rarity": "rare",
                                "max_stack_size": 64
                            }
                        },
                        {
                            "function": "minecraft:set_name",
                            "name": {
                              "translate": "item.dod.raider"
                            },
                            "target": "item_name"
                          }
                    ]
                  },
        {
          "type": "item",
          "name": "golden_apple",
          "weight": 4
        },
        {
          "type": "item",
          "name": "amethyst_shard",
          "weight": 4
        },
        {
          "type": "item",
          "name": "gold_ingot",
          "weight": 5
        },
        {
          "type": "item",
          "name": "iron_ingot",
          "weight": 5
        },
        {
          "type": "item",
          "name": "emerald",
          "weight": 6
        },
        {
          "type": "item",
          "name": "diamond",
          "weight": 6
        },
        {
          "type": "item",
          "name": "resin_clump",
          "weight": 5
        },
        {
          "type": "minecraft:item",
          "weight": 1,
          "functions": [
            {
              "function": "minecraft:enchant_randomly",
              "options": "#minecraft:on_random_loot"
            }
          ],
          "name": "minecraft:book"
        },
        {
          "type": "minecraft:item",
          "weight": 1,
          "functions": [
            {
              "function": "minecraft:enchant_randomly",
              "options": "#minecraft:on_random_loot"
            }
          ],
          "name": "minecraft:book"
        }
      ]
    }
  ],
  "random_sequence": "dod:chests/catacombs_loot_treasure"
}