{
  "type": "minecraft:chest",
  "pools": [
    {
        "bonus_rolls": 0.0,
        "entries": [
          {
            "type": "minecraft:item",
            "functions": [
              {
                "function": "minecraft:set_components",
                "components": {
                    "item_model": "tower_rune",
                    "item_name": {
                        "translate": "item.dod.tower_rune"
                    },
                    "!food": {},
                    "!consumable": {}
                }
              }
            ],
            "name": "minecraft:baked_potato"
          }
        ],
        "rolls": 1.0
      }
  ]
}