{
    "loot_tables_to_eject": [
      {
        "data": "dod:spawners/catacombs_loot_equipment",
        "weight": 3
      },
      {
        "data": "dod:spawners/catacombs_loot_treasure",
        "weight": 1
      }
    ],
    "spawn_potentials": [
      {
        "data": {
          "entity": {
            "id": "minecraft:slime",
            "Size": 1
          }
        },
        "weight": 3
      },
      {
        "data": {
          "entity": {
            "id": "minecraft:slime",
            "Size": 2
          }
        },
        "weight": 1
      }
    ],
      "ticks_between_spawn": 20
  }