{
  "type": "minecraft:chest",
  "pools": [
    {
      "rolls": 1,
      "entries": [
        {
          "type": "minecraft:item",
          "name": "minecraft:crossbow",
          "functions": [
            {
              "function": "minecraft:set_components",
              "components": {
                "minecraft:damage": 310
              }
            }
          ]
        },
        {
          "type": "minecraft:item",
          "name": "iron_axe",
          "functions": [
            {
              "function": "minecraft:set_components",
              "components": {
                "minecraft:damage": 80
              }
            }
          ]
        },
        {
          "type": "minecraft:item",
          "name": "minecraft:bow",
          "functions": [
            {
              "function": "minecraft:set_components",
              "components": {
                "minecraft:damage": 150
              }
            }
          ]
        }
      ]
    },
    {
      "rolls": 5,
      "bonus_rolls": 0,
      "functions": [
        {
          "function": "set_count",
          "count": {
            "type": "uniform",
            "min": 0,
            "max": 1
          }
        }
      ],
      "entries": [
        {
          "type": "item",
          "name": "bone",
          "weight": 5
        },
        {
          "type": "item",
          "name": "leather",
          "weight": 5
        },
        {
          "type": "item",
          "name": "iron_ingot",
          "weight": 5
        },
        {
          "type": "item",
          "name": "arrow",
          "weight": 5
        },
        {
          "type": "item",
          "name": "stick",
          "weight": 6
        }
      ]
    }
  ],
  "random_sequence": "dod:chests/catacombs_loot_equipment"
}