{
    "type": "minecraft:chest",
    "pools": [
      {
        "bonus_rolls": 0.0,
        "entries": [
      {
        "type": "minecraft:loot_table",
        "value": "dod:chests/catacombs_loot_treasure"
      }
    ],
    "rolls": {
      "type": "minecraft:uniform",
      "max": 1.0,
      "min": 1.0
    }
      },
      {
        "bonus_rolls": 0.0,
        "entries": [
      {
        "type": "minecraft:loot_table",
        "value": "dod:chests/catacombs_loot_equipment"
      }
    ],
    "rolls": {
      "type": "minecraft:uniform",
      "max": 1.0,
      "min": 1.0
    }
      }
    ],
    "random_sequence": "minecraft:chests/catacombs_loot"
  }