{
    "type": "minecraft:chest",
    "pools": [
        {
           "rolls":  2.0,
           "bonus_rolls": 0.0,
           "functions": [
            {
                "function": "set_count",
                "count": {
                    "type": "uniform",
                    "min": 2,
                    "max": 5
                }
            }
        ],
           "entries": [
            {
                "type": "item",
                "name": "bone",
                "weight": 5
            }
           ]
        },
        {
            "rolls":  1.0,
            "bonus_rolls": 0.0,
            "functions": [
             {
                 "function": "set_count",
                 "count": {
                     "type": "uniform",
                     "min": 0,
                     "max": 2
                 }
             }
         ],
            "entries": [
             {
                 "type": "item",
                 "name": "leather",
                 "weight": 5
             }
            ]
         }, {
            "rolls":  1.0,
            "bonus_rolls": 0.0,
            "functions": [
             {
                 "function": "set_count",
                 "count": {
                     "type": "uniform",
                     "min": 0,
                     "max": 3
                 }
             }
         ],
            "entries": [
             {
                 "type": "item",
                 "name": "iron_ingot",
                 "weight": 5
             }
            ]
         }, {
            "rolls":  1.0,
            "bonus_rolls": 0.0,
            "functions": [
             {
                 "function": "set_count",
                 "count": {
                     "type": "uniform",
                     "min": 0,
                     "max": 1
                 }
             }
         ],
            "entries": [
             {
                 "type": "item",
                 "name": "emerald",
                 "weight": 5
             }
            ]
         },
        {
            "rolls" : 1.0,
            "bonus_rolls": 0.0,
            "entries": [
                {
        "type": "minecraft:item",
        "functions": [
          {
            "decoration": "minecraft:red_x",
            "function": "minecraft:exploration_map",
            "destination": "dod:catacombs",
            "skip_existing_chunks": true,
            "zoom": 1
          },
          {
            "function": "minecraft:set_name",
            "name": {
              "text": "Catacombs Explorer Map",
              "italic": false
            },
            "target": "item_name"
          }
        ],
        "name": "minecraft:map"
      }
            ]
        }
    ]
}