{
    "type": "minecraft:chest",
    "pools": [
        {
           "rolls":  3.0,
           "bonus_rolls": 0.0,
           "functions": [
            {
                "function": "set_count",
                "count": {
                    "type": "uniform",
                    "min": 1,
                    "max": 5
                }
            }
        ],
           "entries": [
            {
                "type": "item",
                "name": "birch_sapling",
                "weight": 5
            },
            {
                "type": "item",
                "name": "birch_log",
                "weight": 2
            },
            {
                "type": "item",
                "name": "stick",
                "weight": 1  
            },
            {
                "type": "item",
                "name": "birch_planks",
                "weight": 3
            }
           ]
        },
        {
            "rolls" : 1.0,
            "bonus_rolls": 0.0,
            "entries": [
                {
                    "type": "item",
                    "name": "wooden_axe"
                }
            ]
        }
    ]
}