{
    "type": "minecraft:chest",
    "pools": [
      {
        "bonus_rolls": 0.0,
        "entries": [
      {
        "type": "minecraft:item",
        "functions": [
          {
            "decoration": "minecraft:red_x",
            "function": "minecraft:exploration_map",
            "skip_existing_chunks": false,
            "zoom": 1
          },
          {
            "function": "minecraft:set_name",
            "name": {
              "translate": "filled_map.buried_treasure"
            },
            "target": "item_name"
          }
        ],
        "name": "minecraft:map"
      }
    ],
    "rolls": {
      "type": "minecraft:uniform",
      "max": 1.0,
      "min": 1.0
    }
      }
    ],
    "random_sequence": "minecraft:chests/pillager_outpost"
  }