{
  "type": "minecraft:chest",
  "pools": [
    {
      "rolls": 25,
      "bonus_rolls": 0,
      "entries": [
        {
          "type": "minecraft:item",
          "name": "minecraft:book",
          "weight": 6,
          "functions": [
            {
              "function": "minecraft:enchant_randomly",
              "options": "#minecraft:on_random_loot"
            }
          ]
        },
        {
          "type": "minecraft:item",
          "name": "minecraft:iron_ingot",
          "weight": 8
        },
        {
          "type": "minecraft:item",
          "name": "minecraft:gold_ingot",
          "weight": 5
        },
        {
          "type": "minecraft:item",
          "name": "minecraft:emerald",
          "weight": 5
        },
        {
          "type": "minecraft:item",
          "name": "minecraft:diamond",
          "weight": 10
        }
      ],
      "functions": [
        {
          "function": "minecraft:set_count",
          "count": {
            "type": "minecraft:uniform",
            "min": 0,
            "max": 1
          }
        }
      ]
    }
  ]
}