{
  "type": "minecraft:crafting_shaped",
  "category": "misc",
  "key": {
    "#": "minecraft:iron_ingot"
  },
  "pattern": [
    "# #",
    "# #",
    "###"
  ],
  "result": {
    "count": 1,
    "id": "minecraft:glow_item_frame",
    "components": {
        "item_model": "cauldron",
        "item_name": {
            "translate": "block.minecraft.cauldron"
        },
        "entity_data": {
            "id": "glow_item_frame",
            "Tags": ["cauldron"],
            "Silent": true,
            "Invisible": true
        }
    }
  }
}