{
    "type": "minecraft:entity",
    "pools": [
      {
        "rolls": 1,
        "entries": [
          {
            "type": "minecraft:item",
            "name": "minecraft:baked_potato",
            "functions": [
              {
                "function": "set_components",
                "components": {
                   "minecraft:item_model":  "target_dummy",
        "minecraft:item_name" : {
          "translate": "item.dod.target_dummy"
        },
        "minecraft:consumable": {
          "animation": "none",
          "consume_seconds": 100000000,
          "has_consume_particles": false,
          "sound": "minecraft:block.wood.place"
        }
                }
              }
            ]
          }
        ]
      }
    ]
  }