{
  "display": {
    "icon": {
      "id": "minecraft:potion",
      "components":{
				"minecraft:item_model": "beer_mug"
			}
    },
    "title": {
      "translate": "advancements.dod.drink_alcohol.title"
    },
    "description": {
      "translate": "advancements.dod.drink_alcohol.description"
    },
    "frame": "task",
    "show_toast": true,
    "announce_to_chat": true,
    "hidden": false
  },
  "parent": "minecraft:husbandry/root",
  "criteria": {
    "beer": {
      "trigger": "minecraft:consume_item",
      "conditions": {
       "item": {
        "items": "poisonous_potato",
      "components": {
        "minecraft:item_model": "minecraft:beer_mug"
      }
       }
      }
    },
    "vodka": {
      "trigger": "minecraft:consume_item",
      "conditions": {
        "item": {
          "items": "poisonous_potato",
          "components": {
        "minecraft:item_model": "minecraft:vodka_horn"
          }
        }
      }
    },
    "tequila": {
      "trigger": "minecraft:consume_item",
      "conditions": {
        "item": {
          "items": "poisonous_potato",
          "components": {
        "minecraft:item_model": "minecraft:tequila_skull"
      }
        }
      }
    },
    "wine": {
      "trigger": "minecraft:consume_item",
      "conditions": {
        "item": {
          "items": "poisonous_potato",
          "components": {
            "minecraft:item_model": "minecraft:wine_goblet"
          }
        }
      }
    },
     "rum": {
      "trigger": "minecraft:consume_item",
      "conditions": {
       "item": {
        "items": "poisonous_potato",
      "components": {
        "minecraft:item_model": "minecraft:rum_flask"
      }
       }
      }
    },
     "whiskey": {
      "trigger": "minecraft:consume_item",
      "conditions": {
       "item": {
        "items": "poisonous_potato",
      "components": {
        "minecraft:item_model": "minecraft:whiskey_jug"
      }
       }
      }
    },
     "arak": {
      "trigger": "minecraft:consume_item",
      "conditions": {
       "item": {
        "items": "poisonous_potato",
      "components": {
        "minecraft:item_model": "minecraft:arak_anfora"
      }
       }
      }
    }
  },
  "requirements": [
    [
      "arak",
      "beer",
      "rum",
      "tequila",
      "vodka",
      "whiskey",
      "wine"
    ]
  ]
}
