{
    "display": {
      "icon": {
        "id": "minecraft:oak_stairs"
      },
      "title": {
        "translate": "advancements.dod.enter_tower.title"
      },
      "description": {
        "translate": "advancements.dod.enter_tower.description"
      },
      "frame": "task",
      "show_toast": true,
      "announce_to_chat": true,
      "hidden": false
    },
    "parent": "adventure/root",
    "criteria": {
      "tower": {
        "trigger": "minecraft:location",
        "conditions": {
          "player": [
            {
              "condition": "minecraft:entity_properties",
              "entity": "this",
              "predicate": {
                "location": {
                  "structures": "dod:tower"
                }
              }
            }
          ]
        }
      },
      "tower_upper": {
        "trigger": "minecraft:location",
        "conditions": {
          "player": [
            {
              "condition": "minecraft:entity_properties",
              "entity": "this",
              "predicate": {
                "location": {
                  "structures": "dod:tower_upper"
                }
              }
            }
          ]
        }
      }
    },
    "requirements": [
      [
        "tower",
        "tower_upper"
      ]
    ]
  }