{
  "display": {
    "icon": {
      "id": "minecraft:skeleton_skull"
    },
    "title": {
      "translate": "advancements.dod.enter_catacombs.title"
    },
    "description": {
      "translate": "advancements.dod.enter_catacombs.description"
    },
    "frame": "task",
    "show_toast": true,
    "announce_to_chat": true,
    "hidden": false
  },
  "parent": "adventure/root",
  "criteria": {
    "catacombs": {
      "trigger": "minecraft:location",
      "conditions": {
        "player": [
          {
            "condition": "minecraft:entity_properties",
            "entity": "this",
            "predicate": {
              "location": {
                "structures": "dod:catacombs"
              }
            }
          }
        ]
      }
    }
  },
  "requirements": [
    [
      "catacombs"
    ]
  ]
}
