{
  "display": {
    "icon": {
      "id": "minecraft:iron_sword",
      "components":{
				"minecraft:item_model": "machete"
			}
    },
    "title": {
      "translate": "advancements.dod.hold_machete.title"
    },
    "description": {
      "translate": "advancements.dod.hold_machete.description"
    },
    "frame": "task",
    "show_toast": true,
    "announce_to_chat": true,
    "hidden": false
  },
  "parent": "dod:dod/hold_knife",
  "criteria": {
    "machete": {
      "trigger": "minecraft:inventory_changed",
      "conditions": {
        "items": [
          {
            "items": "iron_axe",
            "count": 1,
            "components": {
      "minecraft:item_model": "machete"
            }
          }
        ]
      }
    }
  },
  "requirements": [
    [
      "machete"
    ]
  ]
}
