{
  "parent": "husbandry/root",
    "criteria": {
      "duck": {
        "trigger": "inventory_changed",
        "conditions": {
          "items": [
            {
              "components": {
                "item_model": "this_is_only_here_bc_if_it_wasnt_the_advancement_wouldnt_work"
              }
            }
          ]
        }
      }
  },
  "display": {
    "description": {
      "translate": "advancements.dod.leash_all_duck_variants.description"
    },
    "icon": {
      "count": 1,
      "id": "minecraft:sweet_berries"
    },
    "title": {
      "translate": "advancements.dod.leash_all_duck_variants.title"
    },
    "frame": "task"
  },
  "sends_telemetry_event": true
}