{
  "display": {
    "icon": {
      "id": "minecraft:iron_sword",
      "components":{
				"minecraft:item_model": "knife"
			}
    },
    "title": {
      "translate": "advancements.dod.hold_knife.title"
    },
    "description": {
      "translate": "advancements.dod.hold_knife.description"
    },
    "frame": "task",
    "show_toast": true,
    "announce_to_chat": true,
    "hidden": false
  },
  "parent": "husbandry/root",
  "criteria": {
    "knife": {
      "trigger": "minecraft:inventory_changed",
      "conditions": {
        "items": [
          {
            "items": "stone_sword",
            "count": 1,
            "components": {
      "minecraft:item_model": "knife",
      "minecraft:item_name" : {
        "translate": "item.dod.knife"
      },
      "minecraft:max_damage": 100,
      "minecraft:attribute_modifiers": [{"type":"attack_damage", "amount": 4.0, "operation":"add_value", "id":"dod:knife_damage"}, {"type":"attack_speed", "amount": 10, "operation":"add_value", "id":"dod:knife_speed"}]
    }
          }
        ]
      }
    }
  },
  "requirements": [
    [
      "knife"
    ]
  ]
}
