{
  "display": {
    "icon": {
      "id": "minecraft:cooked_beef",
      "components":{
				"minecraft:item_model": "target_dummy"
			}
    },
    "title": {
      "translate": "advancements.dod.hold_target_dummy.title"
    },
    "description": {
      "translate": "advancements.dod.hold_target_dummy.description"
    },
    "frame": "task",
    "show_toast": true,
    "announce_to_chat": true,
    "hidden": false
  },
  "parent": "adventure/root",
  "criteria": {
    "training_dummy": {
      "trigger": "minecraft:inventory_changed",
      "conditions": {
        "items": [
          {
            "items": "cooked_beef",
            "count": 1,
            "components": {
        "minecraft:item_model":  "target_dummy",
        "minecraft:item_name" : {
          "translate": "item.dod.target_dummy"
        },
        "minecraft:consumable": {
          "animation": "none",
          "consume_seconds": 100000000,
          "has_consume_particles": false,
          "sound": "minecraft:block.wood.place"
        }
      }
          }
        ]
      }
    }
  },
  "requirements": [
    [
      "training_dummy"
    ]
  ]
}
