{
  "display": {
    "icon": {
      "id": "minecraft:rotten_flesh"
    },
    "title": {
      "translate": "advancements.dod.kill_giant.title"
    },
    "description": {
      "translate": "advancements.dod.kill_giant.description"
    },
    "frame": "goal",
    "show_toast": true,
    "announce_to_chat": false,
    "hidden": false
  },
  "parent": "dod:dod/enter_tower",
  "criteria": {
    "kill": {
      "trigger": "minecraft:player_killed_entity",
      "conditions": {
        "killing_blow": {
        },
        "entity": {
          "type": "giant"
        }
      }
    }
  },
  "requirements": [
    [
      "kill"
    ]
  ]
}
