{
  "display": {
    "icon": {
      "id": "minecraft:baked_potato",
      "components":{
				"minecraft:item_model": "tower_key"
			}
    },
    "title": {
      "translate": "advancements.dod.unlock_tower_chest.title"
    },
    "description": {
      "translate": "advancements.dod.unlock_tower_chest.description"
    },
    "frame": "challenge",
    "show_toast": true,
    "announce_to_chat": true,
    "hidden": true
  },
  "parent": "dod:dod/kill_giant",
    "criteria": {
      "use_key": {
        "trigger": "minecraft:player_hurt_entity",
        "conditions": {
          "player": {
          "nbt": "{SelectedItem:{id:\"minecraft:baked_potato\", components:{\"minecraft:item_model\":\"minecraft:tower_key\"}}}"
          },
          "entity": {
            "type": "minecraft:interaction",
            "nbt": "{Tags:[tower_chest_lock]}"
          }
        }
      }
    },
    "rewards": {
    }
  }