{
    "criteria": {
      "use_key": {
        "trigger": "minecraft:player_hurt_entity",
        "conditions": {
          "player": {
          "nbt": "{SelectedItem:{id:\"minecraft:baked_potato\", components:{\"minecraft:item_model\":\"minecraft:tower_key\"}}}"
          },
          "entity": {
            "type": "minecraft:interaction",
            "nbt": "{Tags:[tower_chest_lock]}"
          }
        }
      }
    },
    "rewards": {
      "function": "dod:use_tower_key"
    }
  }