{
    "type": "minecraft:block",
    "pools": [
      {
        "bonus_rolls": 0.0,
        "entries": [
          {
            "type": "minecraft:alternatives",
            "children": [
              {
                "type": "minecraft:item",
                "conditions": [
                  {
                    "condition": "minecraft:match_tool",
                    "predicate": {
                      "predicates": {
                        "minecraft:enchantments": [
                          {
                            "enchantments": "minecraft:silk_touch",
                            "levels": {
                              "min": 1
                            }
                          }
                        ]
                      }
                    }
                  }
                ],
                "name": "minecraft:allium"
              },
              {
                "type": "minecraft:alternatives",
                "children": [
                  {
                    "type": "minecraft:item",
                    "conditions": [
                      {
                        "chances": [
                          0.1,
                          0.14285715,
                          0.25,
                          1.0
                        ],
                        "condition": "minecraft:table_bonus",
                        "enchantment": "minecraft:fortune"
                      }
                    ],
                    "name": "minecraft:baked_potato",
                    "functions":[
                        {
                            "function": "minecraft:set_components",
                            "components": {
                                "minecraft:item_model": "onion",
                                "item_name": {
                                    "translate": "item.dod.onion"
                                },
                                "minecraft:consumable": {
                                    "on_consume_effects": [
                                        {
                                          "type": "minecraft:apply_effects",
                                          "effects": [
                                            {
                                              "id": "minecraft:nausea",
                                              "amplifier": 1,
                                              "duration": 100
                                            }
                                          ],
                                          "probability": 0.5
                                      }
                                  ]
                            }
                        }
                      }
                    ]
                  },
                  {
                    "type": "minecraft:item",
                    "name": "minecraft:allium"
                  }
                ],
                "conditions": [
                  {
                    "condition": "minecraft:survives_explosion"
                  }
                ]
              }
            ]
          }
        ],
        "rolls": 1.0
      }
    ],
    "random_sequence": "minecraft:blocks/allium"
  }