{
  "type": "minecraft:block",
  "pools": [
    {
      "bonus_rolls": 0.0,
      "conditions": [
        {
          "condition": "minecraft:survives_explosion"
        }
      ],
      "entries": [
        {
            "type": "item",
            "name": "glow_item_frame",
            "functions": [
              {
                "function": "set_components",
                "components": {
                  "item_model": "cauldron",
                  "item_name": {"translate": "block.minecraft.cauldron"},
                  "entity_data": {
                    "id": "glow_item_frame",
                    "Tags": ["cauldron"],
                    "Silent": true,
                    "Invisible": true
                  }
                }
              }
            ]
          }
      ],
      "rolls": 1.0
    }
  ],
  "random_sequence": "minecraft:blocks/cauldron"
}