{
  "type": "minecraft:block",
  "pools": [
    {
      "bonus_rolls": 0.0,
      "conditions": [
        {
          "condition": "minecraft:any_of",
          "terms": [
            {
              "condition": "minecraft:match_tool",
              "predicate": {
                "items": "minecraft:wooden_axe",
                "components": {
                  "item_model": "knife"
                }
              }
            },
            {
              "condition": "minecraft:match_tool",
              "predicate": {
                "predicates": {
                  "minecraft:enchantments": [
                    {
                      "enchantments": "minecraft:silk_touch",
                      "levels": {
                        "min": 1
                      }
                    }
                  ]
                }
              }
            }
          ]
        }
      ],
      "entries": [
        {
          "type": "minecraft:item",
          "name": "minecraft:pale_hanging_moss"
        }
      ],
      "rolls": 1.0
    }
  ],
  "random_sequence": "minecraft:blocks/pale_hanging_moss"
}