{
    "type": "minecraft:equipment",
    "pools": [
      {
        "bonus_rolls": 0.0,
        "entries": [
          {
            "type": "minecraft:loot_table",
            "value": "dod:equipment/catacombs"
          }
        ],
        "rolls": 1.0
      },
      {
        "bonus_rolls": 0.0,
        "entries": [
          {
            "type": "minecraft:item",
            "name": "minecraft:iron_sword",
            "weight": 4
          },
          {
            "type": "minecraft:item",
            "functions": [
              {
                "add": false,
                "enchantments": {
                  "minecraft:sharpness": 1.0
                },
                "function": "minecraft:set_enchantments"
              }
            ],
            "name": "minecraft:iron_sword"
          },
          {
            "type": "minecraft:item",
            "functions": [
              {
                "add": false,
                "enchantments": {
                  "minecraft:knockback": 1.0
                },
                "function": "minecraft:set_enchantments"
              }
            ],
            "name": "minecraft:iron_sword"
          },
          {
            "type": "minecraft:item",
            "name": "minecraft:diamond_sword"
          }
        ],
        "rolls": 1.0
      }
    ],
    "random_sequence": "minecraft:equipment/catacombs_zombie"
  }