{
    "elements": [
      {
        "element": {
          "element_type": "minecraft:legacy_single_pool_element",
          "location": "minecraft:village/taiga/town_centers/taiga_tavern",
          "processors": "minecraft:mossify_20_percent",
          "projection": "rigid"
        },
        "weight": 59
      },
      {
        "element": {
          "element_type": "minecraft:legacy_single_pool_element",
          "location": "minecraft:village/taiga/town_centers/taiga_meeting_point_1",
          "processors": "minecraft:mossify_10_percent",
          "projection": "rigid"
        },
        "weight": 49
      },
      {
        "element": {
          "element_type": "minecraft:legacy_single_pool_element",
          "location": "minecraft:village/taiga/town_centers/taiga_meeting_point_2",
          "processors": "minecraft:mossify_10_percent",
          "projection": "rigid"
        },
        "weight": 49
      },
      {
        "element": {
          "element_type": "minecraft:legacy_single_pool_element",
          "location": "minecraft:village/taiga/zombie/town_centers/taiga_meeting_point_1",
          "processors": "minecraft:zombie_taiga",
          "projection": "rigid"
        },
        "weight": 1
      },
      {
        "element": {
          "element_type": "minecraft:legacy_single_pool_element",
          "location": "minecraft:village/taiga/zombie/town_centers/taiga_meeting_point_2",
          "processors": "minecraft:zombie_taiga",
          "projection": "rigid"
        },
        "weight": 1
      }
    ],
    "fallback": "minecraft:empty"
  }