{
  "parent": "minecraft:recipes/root",
  "criteria": {
    "has_item": {
      "conditions": {
        "items": [
          {
            "items": "minecraft:baked_potato",
            "components": {
              "item_model": "target_dummy"
            }
          }
        ]
      },
      "trigger": "minecraft:inventory_changed"
    },
    "attacking": {
      "conditions": {
      },
      "trigger": "minecraft:player_hurt_entity"
    }
  },
  "requirements": [
    [
      "has_item",
      "attacking"
    ]
  ],
  "rewards": {
    "recipes": [
      "dod:target_dummy"
    ]
  }
}