{
  "parent": "minecraft:recipes/root",
  "criteria": {
    "has_item": {
      "conditions": {
        "items": [
          {
            "items": "minecraft:echo_shard"
          }
        ]
      },
      "trigger": "minecraft:inventory_changed"
    },
    "has_the_recipe": {
      "conditions": {
        "recipe": "dod:tome"
      },
      "trigger": "minecraft:recipe_unlocked"
    }
  },
  "requirements": [
    [
      "has_the_recipe",
      "has_item"
    ]
  ],
  "rewards": {
    "recipes": [
      "dod:tome"
    ]
  }
}